{
    "dataset1": {
        "log10_A_gwb": -15.013228265733755
    },
    "dataset2": {
        "chirp_mass": 4300000000.0,
        "distance": 75.4,
        "f_gw": 3.7e-09,
        "gw_phi": 3.3335788713091694,
        "gw_theta": 0.6387905062299246,
        "inclination": 0.8412486994612669,
        "log10_A_gwb": -15.070581074285707,
        "log_10_h": -13.668773493298787,
        "phase0": 0.24434609527920614,
        "psi": 1.1187560505283651
    },
    "dataset3": {
        "source_1": {
            "chirp_mass": 2000000000.0,
            "distance": 121,
            "f_gw": 1.8e-08,
            "gw_phi": 0.5934119456780721,
            "gw_theta": 2.111848394913139,
            "inclination": 0.3036872898470133,
            "log_10_h": -13.970204430247263,
            "phase0": 4.625122517784973,
            "psi": 1.3264502315156905
        },
        "source_2": {
            "chirp_mass": 910000000.0,
            "distance": 85,
            "f_gw": 2.4e-09,
            "gw_phi": 4.276056667386108,
            "gw_theta": 1.4049900478554354,
            "inclination": 1.5079644737231008,
            "log_10_h": -14.970193166811052,
            "phase0": 3.3335788713091694,
            "psi": 0.7330382858376184
        }
    }
}