{
    "J0030+0451": {
        "efac": 1.1327054973277817,
        "equad": -6.734253117324852,
        "rn_log10_A": -14.148297681223301,
        "rn_spec_ind": 4.495492402026417
    },
    "J0034-0534": {
        "efac": 1.2598373277400674,
        "equad": -6.641425922580685,
        "rn_log10_A": -16.538151630942075,
        "rn_spec_ind": 3.34288428623134
    },
    "J0218+4232": {
        "efac": 1.3501857107640765,
        "equad": -6.753752501179396,
        "rn_log10_A": -16.705088581827397,
        "rn_spec_ind": 3.298433341553362
    },
    "J0437-4715": {
        "efac": 0.9027892928548922,
        "equad": -7.3501880429582105,
        "rn_log10_A": -13.96849519868149,
        "rn_spec_ind": 2.7322867414390304
    },
    "J0613-0200": {
        "efac": 1.069398437347371,
        "equad": -7.0491808424447076,
        "rn_log10_A": -14.766603418739235,
        "rn_spec_ind": 4.766000394698532
    },
    "J0621+1002": {
        "efac": 1.1159446780503388,
        "equad": -6.821375240844936,
        "rn_log10_A": -12.051650919621114,
        "rn_spec_ind": 2.279780352093793
    },
    "J0711-6830": {
        "efac": 1.0331469056198783,
        "equad": -7.0070953185577,
        "rn_log10_A": -16.83523820332224,
        "rn_spec_ind": 3.3227170184644508
    },
    "J0751+1807": {
        "efac": 1.0980163173031454,
        "equad": -6.783324009718515,
        "rn_log10_A": -16.05805871026338,
        "rn_spec_ind": 3.777330526518302
    },
    "J0900-3144": {
        "efac": 1.0514874041834474,
        "equad": -6.85639640477896,
        "rn_log10_A": -16.81429597558261,
        "rn_spec_ind": 3.321835134801103
    },
    "J1012+5307": {
        "efac": 1.0244491359967973,
        "equad": -6.822629641758827,
        "rn_log10_A": -13.203219802347427,
        "rn_spec_ind": 2.654410008805331
    },
    "J1022+1001": {
        "efac": 1.2582745455288107,
        "equad": -6.244756338992644,
        "rn_log10_A": -14.654931879539218,
        "rn_spec_ind": 1.6527562832523286
    },
    "J1024-0719": {
        "efac": 1.0449468513713525,
        "equad": -7.006523023914893,
        "rn_log10_A": -16.243322979838553,
        "rn_spec_ind": 3.687172113125529
    },
    "J1045-4509": {
        "efac": 1.072929131995194,
        "equad": -6.850728402256742,
        "rn_log10_A": -14.52527699649665,
        "rn_spec_ind": 3.751039866327389
    },
    "J1455-3330": {
        "efac": 1.3390354892296985,
        "equad": -7.461988172016503,
        "rn_log10_A": -15.64965591408941,
        "rn_spec_ind": 3.8280935580211253
    },
    "J1600-3053": {
        "efac": 1.175625383983205,
        "equad": -7.443264549159709,
        "rn_log10_A": -15.838979573623122,
        "rn_spec_ind": 2.676969024016594
    },
    "J1603-7202": {
        "efac": 1.1008358745687221,
        "equad": -6.993090496693966,
        "rn_log10_A": -16.57725329475201,
        "rn_spec_ind": 3.294508945268641
    },
    "J1614-2230": {
        "efac": 1.037401165717705,
        "equad": -7.4024279657849394,
        "rn_log10_A": -17.122127845233333,
        "rn_spec_ind": 3.3468938741573657
    },
    "J1640+2224": {
        "efac": 1.1607189512343288,
        "equad": -7.289993973220734,
        "rn_log10_A": -12.984594217720504,
        "rn_spec_ind": 0.2967496880468218
    },
    "J1643-1224": {
        "efac": 1.1488592515390281,
        "equad": -7.107664832540961,
        "rn_log10_A": -12.46808044133904,
        "rn_spec_ind": 2.4300793031323797
    },
    "J1713+0747": {
        "efac": 1.0535325739414598,
        "equad": -7.19105776044093,
        "rn_log10_A": -17.014180096857725,
        "rn_spec_ind": 3.0702350887021703
    },
    "J1730-2304": {
        "efac": 1.24585664039348,
        "equad": -6.82802513885757,
        "rn_log10_A": -16.692585312853158,
        "rn_spec_ind": 3.342131998775761
    },
    "J1744-1134": {
        "efac": 1.2481888377141435,
        "equad": -6.705433636310524,
        "rn_log10_A": -17.23679456426679,
        "rn_spec_ind": 3.202499285646422
    },
    "J1857+0943": {
        "efac": 1.1414086488720623,
        "equad": -6.64006372438126,
        "rn_log10_A": -14.240807998662445,
        "rn_spec_ind": 4.6295408167717005
    },
    "J1909-3744": {
        "efac": 1.095400467856472,
        "equad": -7.213183522763408,
        "rn_log10_A": -17.32727924372078,
        "rn_spec_ind": 3.18721293346236
    },
    "J1918-0642": {
        "efac": 1.0819378030429965,
        "equad": -7.556289609789052,
        "rn_log10_A": -15.681503899653743,
        "rn_spec_ind": 3.161506983264447
    },
    "J1939+2134": {
        "efac": 2.2058139485827803,
        "equad": -6.865584259820629,
        "rn_log10_A": -13.163766754084453,
        "rn_spec_ind": 2.5282317582527867
    },
    "J1944+0907": {
        "efac": 1.2968103624660743,
        "equad": -7.236307645295635,
        "rn_log10_A": -16.70694452439989,
        "rn_spec_ind": 3.3776787014065963
    },
    "J2010-1323": {
        "efac": 1.1092575021030218,
        "equad": -6.861297695214705,
        "rn_log10_A": -16.17005549716129,
        "rn_spec_ind": 3.601327067501023
    },
    "J2124-3358": {
        "efac": 1.113947365924296,
        "equad": -6.92987502811784,
        "rn_log10_A": -16.271973220226727,
        "rn_spec_ind": 3.3493567341210873
    },
    "J2129-5721": {
        "efac": 1.2627849754778575,
        "equad": -6.96686041839063,
        "rn_log10_A": -16.815772761209494,
        "rn_spec_ind": 3.358324393469547
    },
    "J2145-0750": {
        "efac": 1.1148985030556542,
        "equad": -6.761214215793945,
        "rn_log10_A": -13.624535276753424,
        "rn_spec_ind": 1.8678811773250965
    },
    "J2229+2643": {
        "efac": 1.6003150353383926,
        "equad": -6.7758410735672845,
        "rn_log10_A": -15.898117371864668,
        "rn_spec_ind": 3.4715784537516154
    },
    "J2317+1439": {
        "efac": 1.0593648536757019,
        "equad": -6.411107094811317,
        "rn_log10_A": -17.0427333172702,
        "rn_spec_ind": 3.200452741705589
    }
}