{
    "dataset1": {
        "log_10_A_gwb": -15.18045606445813
    },
    "dataset2": {
        "log_10_A_gwb": -14.886056647693163
    },
    "dataset3": {
        "chirp_mass": 5000000000.0,
        "distance": 65,
        "f_gw": 6.1e-09,
        "gw_phi": 4.066617157146788,
        "gw_theta": 1.4311699866353502,
        "inclination": 0.4363323129985824,
        "log_10_h": -13.350394182181965,
        "phase0": 0.17453292519943295,
        "psi": 0.6457718232379019
    }
}